smiles,measured log solubility in mols per litre
CC(C)=CCCC(C)=CC(=O),0.3904129382012304
CCCC=C,0.09042127623869618
CCCCCCCCCCCCCC,-2.464346425635788
CC(C)Cl,0.7049203257425969
CCC(C)CO,1.1597463938793422
CCCCCCCCCC(C)O,-0.0353816787778503
CCOP(=S)(OCC)SCSCC,-0.6014949763523101
CCCCCCCO,0.5113773180248329
CCCCCCCC(=O)OC,-0.14666890821556458
CCOP(=S)(OCC)SCSC(C)(C)C,-0.9135830762972043
ClC(=C)Cl,0.5936330963048826
CCCCC=O,0.9758805365474663
CCCCCCCI,-0.9401952398583967
OCCCC=C,1.3145808000535535
CC(C)OC=O,1.0823291907922366
CCCCCC(C)O,0.6371802730413795
CCCCCCC#C,-0.38375909266982555
CC(C)CCC(C)(C)C,-1.0563210444890552
CCCC(=O)C,1.295226499281777
CCCOC(=O)CC,0.9903962621262988
CCC(Br)(CC)C(=O)NC(N)=O,0.09042127623869618
CCCCC(=O)OCC,0.2984800095352925
CC(C)CCOC(=O)C,0.4581529909024478
CCCBr,0.5500859195683857
COP(=S)(OC)SCC(=O)N(C)C=O,0.421863676955367
NC(=S)N,1.541993834121926
ClC(Cl)(Cl)C(Cl)(Cl)Cl,-0.38859766786276956
CCCN(=O)=O,1.0000734125121868
CCCOC(C)C,0.7387903520932055
ClCCl,1.0823291907922366
COC=O,1.6677967891384726
CC(C)C,0.15332275374696963
CCCCC,-0.15150748340850878
CCCC(=C)C,-0.07892885551434713
CC(C)C(C)C(C)C,-0.9353566646654526
CCCCCCCCC=C,-1.2788955033644838
CC(=O)OCC(COC(=O)C)OC(=O)C,1.096844916371069
CCCCCCCBr,-0.7563293825265209
CCOC(=O)CC(=O)OCC,0.9903962621262988
CC/C=C/C,0.15816132893991364
ClC=C(Cl)Cl,0.4387986901306714
CO,2.1468157332399382
CCC(=O)C,1.638765337980808
CCCCCCO,0.7871761040226466
CCCCCCl,0.06622840027397577
C=CC=C,0.48234586686716824
CCCOC(=O)C,1.0387820140557396
NC(=O)CCl ,1.3774822775618267
CCCCCC=O,0.7581446528649819
CC(C)=CCC/C(C)=C\CO,0.19686993048346646
CCN(=O)=O,1.2807107737029446
CCCC(C)(COC(N)=O)COC(N)=O ,0.5128288905827162
CI,0.903301908653305
CCCCC(=O)CCCC,0.13880702816813723
CCC(C)CC,-0.39343624305571373
ClCC#N,1.3426445361726291
CCCCCCCCC(=O)OCC,-0.45149914537104274
CCC(C)Cl,0.4387986901306714
CCCCC#C,0.2452556824129075
CCCCCCCC#C,-0.6643964538605833
CC(C)OC(C)C,0.8549161567238639
CNN,2.035528503802224
CC#C,1.1887778450370068
CCNP(=S)(OC)OC(=CC(=O)OC(C)C)C,-0.26182699780763413
C=CC=O,1.6629582139455283
CCCCl,0.6758888745849323
CCOC(=O)C,1.3678051271759384
CCCC(C)(C)C,-0.7224593561759126
CCCCOC(=O)CCCCCCCCC(=O)OCCCC,-0.4979494672233062
CC(=C)C=C,0.4049286637800628
CC(C)=CCCC(O)(C)C=C,0.4242829645518391
OCC(O)C(O)C(O)C(O)CO ,1.4161908791053794
CCCC(=O)CCC,0.7581446528649819
CC(=O)C(C)(C)C,1.0387820140557396
ClC(Cl)(Cl)C#N,0.33815632611743407
CCCCCCCCC(=O)C,-0.20957038572383782
CSC,1.1694235442652303
CCOC(=O)N,1.7984383193479634
CC(C)C(O)C(C)C,0.7968532544085347
CCCCBr,0.2404171072199633
CC(C)CC(=O)C,1.0291048636698517
OCC(O)C(O)C(O)C(O)CO,1.9145641239786217
CCS,1.096844916371069
ClCC(Cl)Cl,0.6710502993919881
CCCCCCCCl,-0.5482706492299249
ClC(Cl)C(Cl)Cl,0.5452473443754415
CCN(CC)C(=O)C(=CCOP(=O)(OC)OC)Cl,1.6402169105386912
CCCCCCCl,-0.12247603225084416
CCCCCCCCCCCCCCCCCCCCCCCCCC,-2.6453091378518976
CC(Cl)Cl,0.7629832280579261
ClC(Cl)(Cl)Cl,0.2694485583776279
COC(C)(C)C,1.2710336233170565
CCCCCCCCCCCCCCCCO,-1.9998432071131549
CCC(C)(C)CO,0.8839476078815285
CCCOC(=O)CCC,0.5404087691824975
CCCOC=O,1.150069243493454
CC(C)CC(C)C,-0.6740736042464713
CCCCCCCCCC(=O)OCC,-0.5966564011593657
CCCOCC,1.0678134652134041
CC(C)O,1.5952181612443113
ClC(Br)Br,0.46783014128833605
CCOC(=O)CC(SP(=S)(OC)OC)C(=O)OCC,-0.24344041207444664
C/C=C/C=O,1.541993834121926
CCCCCC(=O)OC,0.48234586686716824
CCC(=O)OC,1.3194193752464973
CCCC(=O)OC,0.4581529909024478
CCCCCC(=O)OCC,0.25009425760585147
CCCCCCC=C,-0.7611679577194654
CCCC(O)CC,1.0000734125121868
CCCCCCCC(C)O,0.06138982508103156
CCCC(=O)CC,0.9855576869333545
ClCBr,0.95652623577569
CCN(CC)C(=S)SSC(=S)N(CC)CC,-0.9643881158231176
CCCCCCCCO,0.23073995683407508
CCSCC,0.7387903520932055
ClCCCl,0.8742704574956403
CCC(C)(C)Cl,0.17267705451874604
ClCCBr,0.7484675024790938
CCCCCCCC=C,-1.0563210444890552
CCC(C)(O)CC,1.2129707210017273
CCCCC(C)O,0.95652623577569
CCCCCO,1.096844916371069
ClCCC#N ,1.246840747352336
CC(C)C(C)O,1.300065074474721
CCCCCCCCCC(=O)OC,-0.8821323375430679
CC(C)CBr,0.21138565606229867
CCI,0.612987397076659
CCCCCCBr,-0.45633772056398697
CCCC(C)C,-0.4224676942133784
BrC(Br)Br,0.46299156609539194
COP(=O)(OC)C(O)C(Cl)(Cl)Cl,1.2807107737029446
CC(C)Br,0.617825972269603
CC(C)CC(C)(C)C,-0.9063252135077883
CCC,0.44847584051655964
CCOC=C,0.9758805365474663
CCC#C,0.7871761040226466
CCCCC(C)(O)CC,0.612987397076659
CC#N,1.5129623829642616
ClCC(Cl)(Cl)Cl,0.3323500358859011
CCCCO,1.3871594279477149
CC(C)CCO,1.1403920931075657
CC(=C)C,0.2597714079917397
CC(=C)C(=C)C,0.22590138164113108
CCCI,0.2791257087635161
CCCO,1.687151089910249
CCCC(C)O,1.246840747352336
ClC(=C(Cl)C(=C(Cl)Cl)Cl)Cl,-0.9934195669807819
CCC(C)CCO,1.0436205892486838
CCCCI,-0.045058829163738504
CCCCCCCC(=O)OCC,-0.25311756246033484
CCSSCC,0.21622423125524287
CCOCCOCC,1.0145891380910192
CCCCCC=C,-0.41762911902043415
CCCCN(CC)C(=O)SCCC,-0.3208576151615521
CCCCOC=O,0.7242746265143732
BrC(Cl)Cl,0.6420188482343235
CBr,1.004911987705131
CC(C)C=C,0.06622840027397577
CC,0.7291132017073173
CC(=O)N,2.1516543084328825
CC(O)C(C)(C)C,1.0871677659851806
CCCC(=O)OCC,0.7291132017073173
CCCCCCCCCO,-0.06925170512845892
BrCBr,0.8210461303732552
CCSC(=O)N(CC(C)C)CC(C)C,-0.39343624305571373
O=N(=O)OCC(CON(=O)=O)ON(=O)=O ,0.3129957351141247
CCCCCl,0.4049286637800628
CCNC(=S)NCC,0.6807274497778764
CCCCC(=O)OC,0.7387903520932055
CCCCCOC(=O)CC,0.7678218032508701
CCBr,0.859754731916808
CCC#CCC,0.4242829645518391
CCC(=C)C,0.06622840027397577
CCOC(C)OCC,1.1791006946511184
CCCCOCCO,1.1839392698440627
ClCCCCl,0.6033102466907707
CC(C)C(C)C,-0.3789205174768813
CCC=C,0.44847584051655964
FC(F)(Cl)C(F)(Cl)Cl,-0.08376743070729133
CCC#N,1.5226395333501495
OCC(O)CO,1.929079849557454
CCCCOC,0.908140483846249
CN(C)C(=O)C,1.9242412743645099
C=C,1.1936164202299508
CC(C)(C)CCO,1.1452306683005098
CC(C)SC(C)C,0.30331858472823653
CCOP(=S)(OCC)SCSP(=S)(OCC)OCC,-1.2934112289433162
CCCC(C)(C)CO,0.6516959986202118
CCCOC,1.198454995422895
CC(C)OC(=O)C,1.1210377923357893
ClC=C,0.5404087691824975
BrC(Br)(Br)Br,-0.13215318263673237
CCCCCCCCC,-1.4579227855034154
CCCCCC(C)C,-1.0708367700678876
CCC(O)C(C)C,1.0484591644416281
CCCCCCC,-0.8047151344559622
CCCCCC(=O)C,0.6855660249708205
COP(=O)(NC(C)=O)SC ,1.6484424883666962
CCCCSP(=O)(SCCCC)SCCCC,-1.099868221225552
CC=C(C)C,0.14848417855402543
CCCC(C)(O)CC,0.9129790590391931
CCCCCCCC,-1.1482539731549932
CCC=O,1.6677967891384726
ClC(Cl)Cl,0.8210461303732552
CCCCC(CC)C=O,0.35654291185062176
CCC(CC)C=O,0.6516959986202118
CCCOCCC,0.6033102466907707
CCCCCCCCCCCCCCO,-1.4385684847316391
NC(=O)N,1.8516626464703483
CCCC#C,0.5936330963048826
CCCCCCCCCCCCCCCCCCO,-2.677243734125329
CC(C)CCOC=O,0.6516959986202118
CCOP(=O)(OCC)OCC,1.5952181612443113
CC(C)N(=O)=O,1.0871677659851806
OCC(O)C(O)CO,1.7258596914538016
CNC(=O)C=C(C)OP(=O)(OC)OC,1.7021506730083755
CCC(C)C(C)C,-0.6837507546323598
CCCCCC#C,-0.06925170512845892
ClCC(C)C,0.419444389358895
CCCCCCCCCCCC(=O)OC,-0.8821323375430679
CCCSCCC,0.13880702816813723
CCCCCBr,-0.10312173147906775
CCCC/C=C/C,-0.461176295756931
CC(Cl)(Cl)Cl,0.419444389358895
CCOCC,1.343612251211218
COCOC,1.6194110372090316
CCC(C)O,1.6145724620160875
C=CCS(=O)SCC=C,0.9855576869333545
CC(C)COC=O,0.8984633334603608
CCCCCC,-0.4708534461428192
COP(=O)(OC)OC(Br)C(Cl)(Cl)Br,0.28396428395646034
CC(C)CC(C)(C)O,0.9420105101968578
CCC(C)(C)C,-0.33053476554744027
C=CCC=C,0.37589721262239817
CCCCCC(O)CC,0.42912153974478323
CCCC(C)CO,0.8500775815309198
CCCCC(C)(C)O,0.8645933071097521
COC(C)(C)CCCC(C)CC=CC(C)=CC(=O)OC(C)C,-1.124061097190273
CCOC(=O)CC,1.0678134652134041
NC(N)=NC#N ,1.2371635969664478
ClC(Cl)(Cl)N(=O)=O,0.419444389358895
CCCCCCC(=O)OCC,0.06138982508103156
COC(=O)C,1.6097338868231434
CCCC(O)C=C,1.101683491564013
CCCCOCCCC,0.49202301725305647
CCCCCCCCCCCCO,-0.9353566646654526
CCCC(C)(C)O,1.150069243493454
CCCCCC(C)(C)O,0.5549244947613298
C,0.951687660582746
CCC(C)C(=O)C,1.0629748900204603
CN(=O)=O,1.5129623829642616
CC(C)N(C(C)C)C(=O)SCC(Cl)=C(Cl)Cl,-0.9740652662090055
C=CCCC=C,0.09042127623869618
CCCCC=C,-0.1757003593732292
CCCCCCCC(=O)C,0.13880702816813723
C#C,1.5274781085430937
CCOC(=O)N(C)C(=O)CSP(=S)(OCC)OCC,0.16880619436439076
CC(Cl)CCl,0.612987397076659
CCCC=C(CC)C=O,0.19686993048346646
CCOP(=S)(OCC)SCCSCC,-0.6595578786676394
CCCCCCCCCCCCCCCO,-1.685335819571788
CC(C)I,0.37589721262239817
CC(C)C(=O)C,1.3290965256323857
CCCCCCCCCCCCCCCC,-2.677243734125329
CCCCCCC(=O)C,0.3952515133941746
CCCCCCCCC(=O)OC,-0.24827898726739064
CCO,1.9194026991715658
CCCCCCCCBr,-1.0611596196819992
CCC(O)CC,1.2710336233170565
CC(C)CCCO,0.8355618559520875
CCC(C)(C)O,1.4597380558418762
CCOC=O,1.4597380558418762
CCCCS,0.3323500358859011
ClC(=C(Cl)Cl)Cl,0.15816132893991364
CCC(=O)CC,1.2516793225452802
C=CC#N,1.4597380558418762
CCCCC(=O)C,1.0000734125121868
CCCCC(C)CC,-1.1095453716114405
BrCCBr,0.5742787955331062
COC(=O)C=C,1.2807107737029446
CCC(O)(CC)CC,0.9758805365474663
CC(C)C(=O)C(C)C,0.7581446528649819
CSSC,0.6904046001637646
CCCCC(O)CC,0.6758888745849323
CCCCC(CC)CO,0.36622006223651
CC(C)N(C(C)C)C(=O)SCC(=CCl)Cl,-0.6866538997481263
CN(C)C(=S)SSC(=S)N(C)C ,-0.4998848973004838
CCCCCCCCCCO,-0.3692433670909931
CCC(C)(C)CC,-0.6595578786676394
CNC(=O)C(C)SCCSP(=O)(OC)(OC),1.9406924300205197
CCCC=O,1.3823208527547708
CCCC,0.14364560336108143
ClC(Cl)C(Cl)(Cl)Cl,0.12912987778224902
CC(C)CO,1.435545179877156
ICI,0.2549328327987957
CCCC(O)CCC,0.709758900935541
CCCCCOC(=O)C,0.4726687164812801
FC(F)(Cl)C(F)(F)Cl,0.06138982508103156
CC=CC=O,1.541993834121926
CN(C)C(=O)N(C)C ,1.8419854960844602
CCN(CC)C(=S)SCC(Cl)=C,-0.25311756246033484
ClCC,0.8742704574956403
CC/C=C\C,0.15816132893991364
CNC(=O)ON=C(CSC)C(C)(C)C ,0.6033102466907707
CCCCCCCCCCCCCCCCCCCC,-2.5669242197262037
CCC(CC)CO,0.8210461303732552
Cl\C=C/Cl,0.7581446528649819
CC(C)CC(C)O,1.0000734125121868
CC(C)(C)CO,1.1936164202299508
CC=C,0.8645933071097521
CCCCCCC(C)O,0.37589721262239817
CC(C)COC(=O)C,0.8016918296014789
CC(C)C(C)(C)C,-0.7224593561759126
FC(F)(F)C(Cl)Br ,0.5597630699542739
CNC(=O)ON=C(SC)C(=O)N(C)C,1.4384483249929223
CCSCCSP(=S)(OC)OC,-0.10844416419130631
CCC(C)C,-0.15150748340850878
N#Cc1ccccc1,0.903301908653305
CCOc1ccc(NC(=O)C)cc1,0.25009425760585147
CCN(CC)c1c(cc(c(N)c1N(=O)=O)C(F)(F)F)N(=O)=O,-1.2595412025927073
CCc1ccc(CC)cc1,-0.4273062694063224
CN(C)C(=O)SCCCCOc1ccccc1,-0.5129490503214329
CC(=O)Nc1ccc(Br)cc1,-0.10457330403695103
Cc1ccccc1O,1.0871677659851806
Nc1ccc(O)cc1,1.0000734125121868
Cc1ccc(C)cc1,0.046874099502199354
CCc1ccccc1CC,-0.19989323533794962
O=N(=O)c1c(Cl)c(Cl)ccc1,-0.2966647391968317
c1(C#N)c(Cl)c(C#N)c(Cl)c(Cl)c(Cl)1,-1.341796980872757
CC(C)c1ccccc1,-0.1950546601450056
Oc1ccccc1N(=O)=O,0.5452473443754415
Oc1c(I)cc(C#N)cc1I,-0.3595662167051049
c1ccccc1O,1.3871594279477149
COP(=S)(OC)SCC(=O)N(C(C)C)c1ccc(Cl)cc1,-0.7572970975651101
CCCCCCc1ccccc1,-1.1337382475761608
Clc1cc(Cl)c(Cl)c(Cl)c1Cl,-1.3466355560657013
Oc1cccc(c1)N(=O)=O,0.8984633334603608
CCSCc1ccccc1OC(=O)NC ,0.37589721262239817
CC(C)(C)c1ccc(O)cc1,0.22106280644818688
Clc1cccc(I)c1,-0.33053476554744027
Cc1cccc(C)c1,0.022681223537478944
Oc1cccc(O)c1,1.779084018576187
COP(=S)(OC)Oc1cc(Cl)c(I)cc1Cl,-1.8159773497812788
Cc1ccc(Cl)cc1,-0.10312173147906775
CCCCOC(=O)c1ccc(N)cc1,-0.10408944651765646
CCN(CC(C)=C)c1c(cc(cc1N(=O)=O)C(F)(F)F)N(=O)=O,-1.5759840202112514
Clc1ccc(Cl)c(Cl)c1Cl,-0.8240694352277387
CCOP(=S)(CC)Oc1cc(Cl)c(Cl)cc1Cl,-1.3959890230337313
Clc1cc(Cl)c(Cl)c(Cl)c1,-0.853100886385403
Nc1ccccc1O,1.0387820140557396
COCC(=O)N(C(C)C(=O)OC)c1c(C)cccc1C ,0.6125035395573646
CNC(=O)Oc1ccccc1OC(C)C,0.3952515133941746
Cc1ccccc1Cl,-0.3160190399686081
CCOP(=S)(OCC)ON=C(C#N)c1ccccc1,-0.9653558308617063
Fc1ccccc1,0.5162158932177769
Cc1cc(C)c(C)c(C)c1C,-0.5482706492299249
CCOP(=S)(OCC)SCSc1ccc(Cl)cc1,-1.3882473027250208
Cc1ccc(cc1N(=O)=O)N(=O)=O,0.022681223537478944
CNC(=O)Oc1cccc(N=CN(C)C)c1,0.2549328327987957
COP(=S)(OC)Oc1ccc(SC)c(C)c1,-0.8240694352277387
NC(=S)Nc1ccccc1,0.5307316187966092
Oc1ccc(Cl)cc1,1.0484591644416281
Cc1cccc(N)c1,0.9758805365474663
CCOC(=O)c1ccc(N)cc1,0.12138815747353844
Clc1ccc(Cl)c(Cl)c1,-0.3498890663192167
Oc1ccccc1O,1.687151089910249
Cc1ccccc1Br,0.3081571599211807
CCNc1ccccc1,0.564601645147218
CN(C)C(=O)Nc1ccc(Cl)cc1,-0.011188802813129888
Brc1cc(Br)c(Br)cc1Br,-1.9901660567272668
COc1ccc(Cl)cc1,0.042035524309255355
COP(=S)(OC)Oc1ccc(N(=O)=O)c(C)c1,-0.5676249500017012
NC(=O)c1ccccc1O,0.5065387428318887
Cc1ccccc1N(=O)=O,0.2597714079917397
CCc1ccccc1C,-0.166023208987341
CCCCOC(=O)c1ccccc1C(=O)OCCCC ,-0.741813656947689
COc1c(O)c(Cl)c(Cl)c(Cl)c1Cl ,-0.5579477996158129
COc1ccc(cc1)N(=O)=O,0.22106280644818688
Nc1ccc(cc1)S(N)(=O)=O,0.7387903520932055
CCCN(CCC)c1c(cc(cc1N(=O)=O)C(C)C)N(=O)=O,-1.7530758722730055
CCOP(=S)(NC(C)C)Oc1ccccc1C(=O)OC(C)C,-0.6421390079730404
Clc1cccc(Cl)c1Cl,-0.5482706492299249
O=N(=O)c1cc(Cl)c(Cl)cc1,-0.161184633794397
CCOc1ccc(NC(N)=O)cc1,0.33718861107884535
COc1ccc(C=CC)cc1,-0.12731460744378817
CC(C)c1ccc(NC(=O)N(C)C)cc1,-0.32376076027731865
Cc1c(cc(cc1N(=O)=O)N(=O)=O)N(=O)=O,-0.1708617841802852
CC(C)OP(=S)(OC(C)C)SCCNS(=O)(=O)c1ccccc1,-0.6450421530888069
CC(C)c1ccccc1C,-0.43214484459926633
Nc1cccc(Cl)c1,0.7242746265143732
CN(C)C(=O)Nc1cccc(c1)C(F)(F)F,-0.27247186323211126
Cc1cccc(O)c1,1.058136314827516
O=N(=O)c1ccc(cc1)N(=O)=O,-0.25311756246033484
CN(C)C(=O)Nc1ccccc1,0.612987397076659
ClCc1ccccc1,0.23073995683407508
CON(C)C(=O)Nc1ccc(Br)c(Cl)c1,-0.5114974777635497
CC(=O)Nc1ccc(F)cc1,0.5258930436036652
CCc1cccc(CC)c1N(COC)C(=O)CCl ,-0.1902160849520614
Clc1ccc(cc1)N(=O)=O,-0.025704528391962092
Clc1ccccc1N(=O)=O,0.15332275374696963
CCCCN(C)C(=O)Nc1ccc(Cl)c(Cl)c1,-0.9208409390866202
O=N(=O)c1ccccc1,0.5162158932177769
Ic1ccccc1,-0.06925170512845892
COc1ccccc1OCC(O)COC(N)=O,0.9105597714427212
CCCCOCN(C(=O)CCl)c1c(CC)cccc1CC ,-0.6402035778958629
Oc1cccc(Cl)c1Cl,0.7581446528649819
CCC(=O)Nc1ccc(Cl)c(Cl)c1,-0.06441312993551492
Cc1ccc(N)cc1,0.8016918296014789
c1ccccc1(OC(=O)NC),0.5147643206598937
Cc1cccc(C)c1C,-0.161184633794397
CNC(=O)Oc1ccc(N(C)C)c(C)c1,0.2452556824129075
Oc1c(Br)cc(C#N)cc1Br ,-0.22408611130267023
Oc1c(Cl)c(Cl)c(Cl)c(Cl)c1Cl,-0.6837507546323598
NC(=O)NCc1ccccc1 ,0.9274947846180255
CN(C)C(=O)Nc1ccc(C)c(Cl)c1,-0.298116311754715
CON(C)C(=O)Nc1ccc(Cl)c(Cl)c1,-0.3508567813578056
CS(=O)(=O)c1ccc(cc1)C(O)C(CO)NC(=O)C(Cl)Cl ,0.3449303313875559
Oc1ccc(cc1)N(=O)=O,1.0291048636698517
Nc1ccccc1N(=O)=O,0.4387986901306714
Cc1c(cccc1N(=O)=O)N(=O)=O,-0.06441312993551492
c1(Br)c(Br)cc(Br)cc1,-0.7901994088771298
c1(O)c(C)ccc(C(C)C)c1,0.3807357878153422
CN(C)C=Nc1ccc(Cl)cc1C,0.00332692276570253
Nc1ccc(cc1)N(=O)=O,0.2404171072199633
Clc1ccccc1,0.23557853202701928
Brc1ccc(I)cc1,-0.8192308600347942
CCCCCc1ccccc1,-0.857939461578347
Oc1ccc(Cl)c(Cl)c1,0.7823375288297024
CCN(CC)c1ccccc1,-0.07892885551434713
Fc1cccc(F)c1,0.419444389358895
CC(C)(C)Cc1ccccc1,-0.6208492771240866
Clc1ccccc1I,-0.3256961903544963
Cc1cccc(C)c1O,0.7629832280579261
COP(=S)(OC)Oc1ccc(cc1Cl)N(=O)=O,-0.6982664802111918
CCc1cccc(C)c1N(C(C)COC)C(=O)CCl ,0.06622840027397577
OCc1ccccc1,1.1936164202299508
Oc1ccc(Br)cc1,0.859754731916808
O=N(=O)c1cc(cc(c1)N(=O)=O)N(=O)=O,-0.011188802813129888
Brc1ccc(Br)cc1,-0.5821406755805336
Clc1ccc(Cl)cc1,-0.1950546601450056
Clc1cc(Cl)cc(Cl)c1,-0.7805222584912418
O=Cc1ccccc1,0.811368979987367
NC(=N)NS(=O)(=O)c1ccc(N)cc1 ,0.4242829645518391
COC(=O)c1ccc(O)cc1,0.503151740196828
Cc1ccc(O)c(C)c1,0.811368979987367
Clc1cccc(c1)N(=O)=O,0.046874099502199354
FC(F)(F)c1ccccc1,0.17267705451874604
CCCCCCOC(=O)c1ccccc1C(=O)OCCCCCC,-1.5856611705971397
COC(=O)c1ccccc1C(=O)OC,0.5839559459189945
Clc1cc(Cl)c(Cl)cc1Cl,-1.303088379329204
Nc1ccccc1Cl,0.6516959986202118
COc1cccc(Cl)c1,0.042035524309255355
Oc1ccc(C=O)cc1,0.9226562094250813
Fc1ccccc1Br,0.08074412585280798
Oc1ccc(Cl)cc1Cl,0.6371802730413795
Cc1ccccc1N,0.31783431030706893
c1(OC)ccc(CC=C)cc1,-0.025704528391962092
CN(C)C(=O)Nc1cccc(OC(=O)NC(C)(C)C)c1 ,-0.030543103584906302
Clc1ccccc1Cl,-0.08860600590023533
Nc1cccc(c1)N(=O)=O,0.32751146069295717
Oc1cc(Cl)cc(Cl)c1Cl,0.09525985143164038
Nc1ccccc1,1.1887778450370068
Brc1cc(Br)cc(Br)c1,-1.3224426801009805
COP(=S)(OC)Oc1cc(Cl)c(Cl)cc1Cl,-1.3805055824163097
COc1cc(CC=C)ccc1O,0.6323416978484353
Clc1c(Cl)c(Cl)c(N(=O)=O)c(Cl)c1Cl,-1.428891334345751
COC(=O)c1cc(O)c(O)c(O)c1 ,0.7871761040226466
Fc1cccc(Br)c1,0.09525985143164038
Clc1ccc(Br)cc1,-0.3692433670909931
COc1ccccc1N(=O)=O,0.4387986901306714
CCC(C)c1cc(cc(N(=O)=O)c1O)N(=O)=O ,-0.24827898726739064
COc1ccccc1O ,0.4387986901306714
Oc1ccc(Cl)c(Cl)c1Cl,0.09525985143164038
COc1ccccc1,0.49202301725305647
CCc1ccc(C)cc1,-0.11763745705789995
O=N(=O)c1cccc(c1)N(=O)=O,0.2791257087635161
Nc1ccc(Cl)cc1,0.5839559459189945
CC(C)(C)c1ccccc1,-0.38375909266982555
Brc1ccccc1,0.15332275374696963
CCOC(=O)c1ccc(O)cc1,0.25009425760585147
COC(=O)c1ccccc1,0.49202301725305647
CN(C)C(=O)Nc1ccc(Cl)c(Cl)c1,-0.45149914537104274
Oc1ccccc1Cl,0.8742704574956403
CCOc1ccccc1,0.2597714079917397
CCOC(=O)C=Cc1ccccc1,-0.06441312993551492
Cc1ccc(cc1)S(=O)(=O)N,0.5452473443754415
CC(OC(=O)Nc1cccc(Cl)c1)C#C,0.12090429995424408
CCOP(=S)(OCC)Oc1ccc(cc1)S(C)=O ,0.2742871335705721
Cc1ccc(C)c(C)c1,-0.21440896091678202
Oc1cc(Cl)c(Cl)cc1Cl,0.31783431030706893
NNc1ccccc1,1.4210294542983235
Oc1c(Cl)ccc(Cl)c1Cl,0.1097755770104726
Brc1cccc(Br)c1,-0.3256961903544963
CC(=O)Nc1ccccc1,0.7436289272861496
CC(=O)c1ccccc1,0.7678218032508701
CCCOC(=O)c1ccc(N)cc1,0.20074079063782174
CCOC(=O)c1ccccc1,0.26460998318468393
CON(C)C(=O)Nc1ccc(Cl)cc1,0.14364560336108143
Cc1ccc(Br)cc1,-0.1563460586014528
CCCCN(CC)c1c(cc(cc1N(=O)=O)C(F)(F)F)N(=O)=O,-1.288572653750372
Cc1cc(C)c(O)c(C)c1,0.3952515133941746
c1ccccc1,0.5936330963048826
Clc1ccc(I)cc1,-0.5627863748087573
COc1ccc(NC(=O)N(C)C)cc1Cl,0.1465487484768478
CC(C)N(C(=O)CCl)c1ccccc1 ,0.18719278009757825
C=Cc1ccccc1,0.022681223537478944
Cc1ccccc1C,0.03235837392336715
Oc1ccc(O)cc1,1.3049036496676651
c1(O)cc(O)ccc1CCCCCC,0.13396845297519322
Oc1c(Cl)cc(Cl)c(Cl)c1Cl,-0.11279888186495596
Clc1cccc(Cl)c1,-0.08376743070729133
c1ccccc1SC,0.23073995683407508
CCCCC(CC)COC(=O)c1ccccc1C(=O)OCC(CC)CCCC,-1.980488906341378
Cc1cc(C)cc(O)c1,0.709758900935541
ClCC#CCOC(=O)Nc1cccc(Cl)c1,-0.7272979313688566
CC(=O)Nc1ccc(Cl)cc1,0.011552500593707452
CNc1ccccc1,0.7678218032508701
Cc1cc(cc(N(=O)=O)c1O)N(=O)=O,0.682662879855054
Oc1cccc(Cl)c1,1.0484591644416281
Clc1cccc(Br)c1,-0.166023208987341
OCCOc1ccccc1,1.0484591644416281
CCc1ccccc1,0.046874099502199354
CC(C#C)N(C)C(=O)Nc1ccc(Cl)cc1,-0.4998848973004838
COc1ccc(C=O)cc1,0.6662117241990441
CC(=O)Nc1ccc(cc1)N(=O)=O,0.08461498600716326
CC(=O)Nc1ccc(O)cc1,0.8887861830744727
CCCCOc1ccc(C(=O)OCC)c(c1)N(CC)CC ,-0.4708534461428192
Cc1c(C)c(C)c(C)c(C)c1C,-1.1434153979620492
CC(C)c1ccc(C)cc1O,0.3129957351141247
CCOP(=S)(OCC)Oc1ccc(cc1)N(=O)=O,-0.8676166119642355
CC(C)OC(=O)Nc1cccc(Cl)c1,-0.24827898726739064
CC(O)c1ccccc1,0.9420105101968578
c1(C(=O)OCCCCCC(C)(C))c(C(=O)OCCCCCC(C)(C))cccc1,-1.824202927609284
Cc1cc(C)cc(C)c1,-0.25795613765327885
CCCCCCCCOC(=O)c1ccccc1C(=O)OCCCCCCCC ,-1.087771783243192
O=N(=O)c1ccccc1N(=O)=O,-0.11279888186495596
Fc1ccc(F)cc1,0.4339601149377273
CCCN(CCC)c1c(cc(cc1N(=O)=O)C(F)(F)F)N(=O)=O,-1.3611512816445335
c1c(NC(=O)OC(C)C(=O)NCC)cccc1,0.5017001676389446
Cc1ccc(cc1)N(=O)=O,0.18235420490463403
Cc1ccc(O)cc1,1.0339434388627957
CN(C)c1ccccc1,0.4581529909024478
CNC(=O)Oc1ccccc1C(C)C,0.0018753502078192451
COc1ccccc1Cl,0.19686993048346646
COP(=S)(OC)Oc1cc(Cl)c(Br)cc1Cl,-1.5595328645552415
CC(C)c1ccc(C)cc1,-0.43698341979221056
Oc1c(Cl)cccc1Cl,0.5210544684107211
OCC(NC(=O)C(Cl)Cl)C(O)c1ccc(cc1)N(=O)=O,0.3657362047172154
Brc1ccccc1Br,-0.3063418895827199
Oc1c(Cl)cc(Cl)cc1Cl,0.2549328327987957
CCCN(CCC)c1c(cc(cc1N(=O)=O)S(N)(=O)=O)N(=O)=O,-1.1095453716114405
Cc1ccc(O)cc1C,0.7194360513214292
Sc1ccccc1,0.36138148704356576
CNC(=O)Oc1cc(C)cc(C)c1,0.13832317064884264
NC(=O)c1ccccc1,0.9226562094250813
Clc1ccccc1Br,-0.1563460586014528
Oc1cc(Cl)cc(Cl)c1,0.7387903520932055
Cc1ccccc1,0.31783431030706893
Oc1cc(Cl)c(Cl)c(Cl)c1Cl,-0.13699175782967637
COc1ccccc1O,0.4387986901306714
CCOC(=O)c1ccccc1C(=O)OCC,0.25009425760585147
CC(C)Cc1ccccc1,-0.606333551545254
Oc1c(Cl)c(Cl)cc(Cl)c1Cl,-0.24344041207444664
CCCc1ccccc1,-0.24344041207444664
Cc1cc(C)c(C)cc1C,-0.8337465856136266
CC(=O)Nc1cc(NS(=O)(=O)C(F)(F)F)c(C)cc1C,-0.1805389345661734
c1(C(C)(C)C)cc(C(C)(C)C)cc(OC(=O)NC)c1,-0.6643964538605833
CCCCc1ccccc1,-0.5773021003875892
N#Cc1ccccc1C#N,0.23557853202701928
Cc1cccc(c1)N(=O)=O,0.20654708086935467
COP(=O)(OC)OC(=CCl)c1cc(Cl)c(Cl)cc1Cl,-0.800844274301607
Clc1cc(Cl)c(c(Cl)c1)c2c(Cl)cccc2Cl,-2.154677613287366
Clc1ccc(c(Cl)c1)c2c(Cl)ccc(Cl)c2Cl ,-2.207901940409751
c1c(Cl)cccc1c2ccccc2,-0.9740652662090055
Clc1cccc(c1Cl)c2c(Cl)c(Cl)cc(Cl)c2Cl ,-2.7740152379842105
Clc1cc(Cl)c(Cl)c(c1Cl)c2c(Cl)c(Cl)cc(Cl)c2Cl ,-3.0401368735961363
Clc1ccccc1c2ccccc2Cl ,-1.1627696987338252
Clc1cccc(c1)c2cc(Cl)ccc2Cl ,-1.5208242630116886
Clc1ccc(Cl)c(c1)c2ccc(Cl)c(Cl)c2,-2.120807586936757
Clc1ccccc1c2ccccc2,-0.8095537096489062
Clc1ccc(cc1)c2ccccc2Cl ,-1.1676082739267697
Clc1ccc(cc1)c2ccc(Cl)cc2 ,-1.786945898623614
Cc1ccc(cc1)c2ccccc2,-0.8482623111924591
Clc1cc(c(Cl)c(Cl)c1Cl)c2cc(Cl)c(Cl)c(Cl)c2Cl,-3.04497544878908
Clc1cc(Cl)c(cc1Cl)c2cccc(Cl)c2Cl ,-2.1014532861649804
Clc1ccc(cc1)c2cccc(Cl)c2Cl ,-1.6563043684141237
Clc1ccc(cc1Cl)c2ccccc2 ,-1.7046901203435645
Clc1cccc(c1Cl)c2cccc(Cl)c2Cl,-2.1353233125155895
Oc1ccc(cc1)c2ccccc2,-0.2966647391968317
Clc1ccc(c(Cl)c1)c2cc(Cl)ccc2Cl ,-1.7917844738165585
Clc1ccc(c(Cl)c1)c2ccc(Cl)c(Cl)c2Cl ,-2.3869292225486824
Clc1ccc(c(Cl)c1Cl)c2ccc(Cl)c(Cl)c2Cl ,-2.488539301600509
Nc1ccc(cc1)c2ccc(N)cc2,0.08074412585280798
Clc2c(Cl)c(Cl)c(c1ccccc1)c(Cl)c2Cl ,-2.444992124864012
Clc1c(Cl)c(Cl)c(c(Cl)c1Cl)c2c(Cl)c(Cl)c(Cl)c(Cl)c2Cl ,-4.22558779586744
Clc1ccc(c(Cl)c1)c2c(Cl)c(Cl)c(Cl)c(Cl)c2Cl,-2.444992124864012
Clc1ccc(Cl)c(c1)c2cc(Cl)c(Cl)c(Cl)c2Cl,-2.3288663202333533
Clc1ccc(Cl)c(c1)c2cccc(Cl)c2Cl ,-1.7433987218871172
Clc1ccc(Cl)c(c1)c2c(Cl)c(Cl)cc(Cl)c2Cl ,-2.203063365216807
Clc1ccc(cc1Cl)c2cc(Cl)c(Cl)c(Cl)c2Cl ,-2.396606372934571
c1ccc(cc1)c2ccccc2,-0.7152014933864962
Clc1cc(Cl)c(c(Cl)c1)c2c(Cl)cc(Cl)cc2Cl ,-2.8272395651065962
Clc1ccc(Cl)c(c1)c2c(Cl)c(Cl)c(Cl)c(Cl)c2Cl,-2.93852679454431
Clc1ccc(cc1)c2cc(Cl)ccc2Cl ,-1.6369500676423472
Clc1ccc(c(Cl)c1)c2cc(Cl)c(Cl)c(Cl)c2Cl ,-2.188547639637974
Clc1cccc(Cl)c1c2ccccc2 ,-1.1337382475761608
Clc1ccc(cc1)c2c(Cl)cccc2Cl ,-1.5837257405199618
Clc1cccc(Cl)c1c2c(Cl)cccc2Cl ,-2.188547639637974
Clc1cc(Cl)c(cc1Cl)c2cc(Cl)c(Cl)cc2Cl ,-2.7546609372124347
Clc1ccc(c(Cl)c1Cl)c2c(Cl)cc(Cl)c(Cl)c2Cl ,-2.3191891698474656
Clc1ccc2ccccc2c1,-0.616010701931142
Cc1ccc(C)c2ccccc12,-0.616010701931142
Cc1cc(C)c2ccccc2c1,-0.6885893298253037
CCc1cccc2ccccc12,-0.6305264275099745
Brc1cccc2ccccc12,-0.7176207809829681
Nc1cccc2ccccc12,0.4581529909024478
Oc1ccc2ccccc2c1,0.28396428395646034
c1c(Br)ccc2ccccc12 ,-0.741813656947689
c1ccc2ccccc2c1,-0.3547276415121609
Ic1cccc2ccccc12,-0.8143922848418502
Cc1ccc2ccccc2c1,-0.43698341979221056
Clc1cccc2ccccc12,-0.5144006228793162
Brc1ccc2ccccc2c1,-0.741813656947689
CCc1ccc2ccccc2c1,-0.6885893298253037
Cc1cccc2ccccc12,-0.40311339344160196
CCN(CC)C(=O)C(C)Oc1cccc2ccccc12 ,-0.3402119159333285
Cc1ccc2cc(C)ccc2c1,-0.9789038414019495
Cc1cccc2c(C)cccc12,-0.8768099048308289
Oc1cccc2ccccc12,0.3129957351141247
Cc1cc2ccccc2cc1C,-0.8966480631218998
O=N(=O)c1cccc2ccccc12,-0.3256961903544963
CNC(=O)Oc1cccc2ccccc12,-0.17279721425746283
CCCCC1(CC)C(=O)NC(=O)NC1=O,0.5834720883997
CCC1(CCC(C)C)C(=O)NC(=O)NC1=O,0.19299907032911118
O=C1NC(=O)NC(=O)C1(CC)C(C)CC,0.23073995683407508
O=C1NC(=O)NC(=O)C1(C)CC=C,0.8258847055661994
CCC(C)C1(CC=C)C(=O)NC(=O)NC1=O,0.41170266905018443
O=C1NC(=O)NC(=O)C1(C(C)C)C(C)C,0.048809529579376995
O=C1NC(=O)NC(=O)C1(CC)CC,0.22590138164113108
CCC1(CC)C(=O)NC(=O)N(C)C1=O ,0.3081571599211807
O=C1NC(=O)NC(=O)C1(C(C)CCC)CC=C,0.24719111249008513
O=C1NC(=O)NC(=O)C1(CC)C(C)CCC,0.23073995683407508
O=C1NC(=O)NC(=O)C1(C(C)C)CC=C,0.5607307849928627
O=C1NC(=O)NC(=O)C1(CC)CC=C,0.6062133918065372
CCC1(C(C)C)C(=O)NC(=O)NC1=O ,0.31783431030706893
O=C1NC(=O)NC(=O)C1(CC=C)CC=C,0.3821873603732255
O=C1NC(=O)NC(=O)C1(CC)CCC(C)C,0.10106614166317332
O=C1NC(=O)NC(=O)C1(CC)C(C)C,0.34783347650332225
O=C1NC(=O)NC(=O)C1(C)CC,0.7929823942541795
O=C1NC(=O)NC(=O)C1(CC)CC=C(C)C,0.2970284369774092
CCC(C)C1(CC(Br)=C)C(=O)NC(=O)NC1=O ,0.10638857437541188
O=C1NC(=O)NC(=O)C1(C)C,0.5442796293368528
O=C1NC(=O)NC(=O)C1(C(C)C)CC=C(C)C,0.13251688041730994
CC12CCC3C(CCC4=CC(=O)CCC34C)C2CCC1C(=O)CO,-0.2821490136179995
CC34CC(O)C1(F)C(CCC2=CC(=O)CCC12C)C3CCC4(O)C(=O)CO ,-0.27247186323211126
CC12CCC(=O)C=C1CCC3C2CCC4(C)C3CCC4(O)C#C ,-1.3514741312586454
CC1(O)CCC2C3CCC4=CC(=O)CCC4(C)C3CCC21C,-0.5477867917106305
CC12CC(O)C3C(CCC4=CC(=O)CCC34C)C2CCC1(O)C(=O)CO,-0.10796030667201174
CC(=O)OCC(=O)C3CCC4C2CCC1=CC(=O)CCC1(C)C2CCC34C ,-0.853100886385403
CC(=O)C1CCC2C3CCC4=CC(=O)CCC4(C)C3CCC12C,-0.751490807333577
CC(=O)OC3CCC4C2CCC1=CC(=O)CCC1(C)C2CCC34C ,-1.1211579520745063
CC(=O)C1(O)CCC2C3CCC4=CC(=O)CCC4(C)C3CCC21C,-0.4597247231990479
CC13CCC(=O)C=C1CCC4C2CCC(C(=O)CO)C2(CC(O)C34)C=O ,-0.4756920213357634
CCC(=O)OC3CCC4C2CCC1=CC(=O)CCC1(C)C2CCC34C ,-1.2111554506632665
CC12CCC3C(CCC4=CC(=O)CCC34C)C2CCC1O,-0.5579477996158129
CC(=O)OCC(=O)C1(O)CCC2C3CCC4=CC(=O)CCC4(C)C3C(O)CC21C,-0.9740652662090055
CC(=O)OC3(C)CCC4C2CCC1=CC(=O)CCC1(C)C2CCC34C ,-1.1695437040039471
CC12CC(O)C3C(CCC4=CC(=O)CCC34C)C2CCC1C(=O)CO,-0.1805389345661734
CC34CCC1C(CCC2=CC(=O)CCC12O)C3CCC4(O)C#C,-0.8240694352277387
CC(=O)OC3(CCC4C2CCC1=CC(=O)CCC1C2CCC34C)C#C,-0.9353566646654526
CCNc1nc(Cl)nc(n1)N(CC)CC,-0.5773021003875892
CCNc1nc(Cl)nc(NC(C)C)n1,-0.4756920213357634
CCN(CC)c1nc(Cl)nc(NC(C)C)n1,-0.44424128258162676
COc1nc(NC(C)C)nc(NC(C)C)n1,0.18816049513616695
CCN(CC)c1nc(Cl)nc(n1)N(CC)CC,-0.7471360896599275
CCNc1nc(NC(C)C)nc(SC)n1,-0.08376743070729133
CCNc1nc(NC(C)(C)C)nc(SC)n1,-0.5482706492299249
CCNc1nc(NC(C)C)nc(OC)n1,0.3788003577381645
CCNc1nc(Cl)nc(NCC)n1 ,-0.8143922848418502
CSc1nc(nc(n1)N(C)C)N(C)C,0.09235670631587382
COCCCNc1nc(NC(C)C)nc(SC)n1,-0.029575388546317374
CCNc1nc(Cl)nc(NC(C)(C)C#N)n1,-0.13699175782967637
CN(C)c1nc(nc(n1)N(C)C)N(C)C,-0.24053726695868008
CC(C)Nc1nc(Cl)nc(NC(C)C)n1,-0.7563293825265209
CSc1nc(NC(C)C)nc(NC(C)C)n1,-0.5966564011593657
CCNc1nc(NC(C)(C)C)nc(OC)n1,-0.18005507704687884
c1ccncc1,1.7548911426114664
Cc1ccncc1C,1.5613481348937024
Cc1cccc(C)n1,1.6048953116301994
Cc1cccnc1C,1.5710252852795905
Oc1ccccn1,1.8806940976280129
Cc1ccnc(C)c1,1.5710252852795905
CCOP(=S)(OCC)Oc1nc(Cl)c(Cl)cc1Cl ,-1.3563127064515894
c1nccc(C(=O)NN)c1,1.3915141456213644
COC(=O)c1cccnc1 ,1.1645849690722863
CCc1ccccn1,1.633926762787864
Cc1cncc(C)c1,1.5710252852795905
NC(=O)c1cccnc1 ,1.6823125147173048
Clc1cccc(n1)C(Cl)(Cl)Cl,-0.43214484459926633
Oc1ccncc1,1.8806940976280129
COc1ccc(cc1)C(c2ccc(OC)cc2)C(Cl)(Cl)Cl,-1.946618879990769
ClC(Cl)C(c1ccc(Cl)cc1)c2ccc(Cl)cc2,-2.0966147109720366
c1ccccc1C(O)c2ccccc2,0.15332275374696963
OC(c1ccc(Cl)cc1)(c2ccc(Cl)cc2)C(Cl)(Cl)Cl,-1.354377276374412
ClC(Cl)C(c1ccc(Cl)cc1)c2ccccc2Cl ,-1.7627530226588937
c1ccc(Cl)cc1C(c2ccc(Cl)cc2)(O)C(=O)OC(C)C,-0.8047151344559622
CN(C)C(=O)C(c1ccccc1)c2ccccc2 ,-0.05473597954962671
Clc1ccc(cc1)C(c2ccc(Cl)cc2)C(Cl)(Cl)Cl,-2.0724218350073165
C(c1ccccc1)c2ccccc2,-0.5869792507734777
CC(C)OC(=O)C(O)(c1ccc(Br)cc1)c2ccc(Br)cc2 ,-0.9982581421737259
ClC(Cl)C(c1ccc(Cl)cc1)c2ccc(Cl)cc2 ,-2.0966147109720366
Oc1ccc(Cl)cc1Cc2cc(Cl)ccc2O,-0.5255293458230875
CC(C)C1CCC(C)CC1O ,0.16299990413285784
OC1CCCCC1,1.1742621194581746
CCSC(=O)N(CC)C1CCCCC1 ,-0.25795613765327885
ClC1C(Cl)C(Cl)C(Cl)C(Cl)C1Cl,-0.857939461578347
C/C1CCC(\C)CC1,-0.7756836832982974
C1CCCCC1,-0.11279888186495596
CC1CCCCC1,-0.4756920213357634
C/C1CCCCC1\C,-0.6934279050182477
CCC1CCCCC1,-0.6692350290535273
OC1C(O)C(O)C(O)C(O)C1O,1.5565095597007583
Cc1ncnc2nccnc12,1.1616818239565196
Oc2ncc1nccnc1n2,0.4450888378814987
COc2cnc1ncncc1n2,0.8360457134713819
COc1ncnc2nccnc12 ,0.8500775815309198
COc2ncc1nccnc1n2,0.8500775815309198
Cc2ncc1nccnc1n2,1.3290965256323857
Cc2cnc1cncnc1n2,0.9739451064702888
COc2cnc1cncnc1n2,0.9468490853898017
c2cnc1ncncc1n2,1.396836578333603
CC34CC(O)C1(F)C(CCC2=CC(=O)C=CC12C)C3CC(O)C4(O)C(=O)CO,-0.39343624305571373
CC(=O)OCC(=O)C3(O)C(CC4C2CCC1=CC(=O)C=CC1(C)C2(F)C(O)CC34C)OC(C)=O ,-0.6111721267381981
CC12CC(O)C3C(CCC4=CC(=O)C=CC34C)C2CCC1(O)C(=O)CO,-0.15150748340850878
CC1CC2C3CCC4=CC(=O)C=CC4(C)C3(F)C(O)CC2(C)C1(O)C(=O)CO,-0.3498890663192167
CC(=O)OCC(=O)C3(O)CCC4C2CCC1=CC(=O)C=CC1(C)C2C(O)CC34C ,-0.7272979313688566
CCCCC(=O)OC3(C(C)CC4C2CCC1=CC(=O)C=CC1(C)C2(F)C(O)CC34C)C(=O)CO,-0.8918094879289559
CC1CC2C3CC(F)C4=CC(=O)C=CC4(C)C3(F)C(O)CC2(C)C1(O)C(=O)CO,-1.3287328278518082
CC4CC3C2CCC1=CC(=O)C=CC1(C)C2(F)C(O)CC3(C)C4(O)C(=O)COC(C)=O ,-0.9837424165948939
CC1CC2C3CCC(O)(C(=O)C)C3(C)CC(O)C2(F)C4(C)C=CC(=O)C=C14,-0.5961725436400716
O=C1N(COC(=O)CCCCC)C(=O)C(N1)(c2ccccc2)c3ccccc3,-1.460825930619182
O=C1N(COC(=O)CCCCCCC)C(=O)C(N1)(c2ccccc2)c3ccccc3,-1.769043170409721
O=C1N(COC(=O)CCCCCC)C(=O)C(N1)(c2ccccc2)c3ccccc3,-1.6616268011263622
O=C1NC(=O)C(N1)(c2ccccc2)c3ccccc3,-0.5952048286014828
O=C1N(COC(=O)CCCC)C(=O)C(N1)(c2ccccc2)c3ccccc3,-0.8763260473115347
O=C1N(COC(=O)C)C(=O)C(N1)(c2ccccc2)c3ccccc3,-0.7756836832982974
O=C1N(COC(=O)CC)C(=O)C(N1)(c2ccccc2)c3ccccc3,-0.9871294192299547
O=C1N(COC(=O)CCC)C(=O)C(N1)(c2ccccc2)c3ccccc3,-1.0664820523942382
CC1(C)C(C=C(Cl)Cl)C1C(=O)OC(C#N)c2ccc(F)c(Oc3ccccc3)c2,-2.1629031911153707
CC1(C)C(C=C(Br)Br)C1C(=O)OC(C#N)c2cccc(Oc3ccccc3)c2,-2.678211449163918
CC1(C)C(C=C(Cl)Cl)C1C(=O)OC(C#N)c2cccc(Oc3ccccc3)c2,-2.4919263042355704
CC1(C)C(C=C(Cl)Cl)C1C(=O)OCc2cccc(Oc3ccccc3)c2,-1.6567882259334181
CC1(C)C(C=C(Cl)C(F)(F)F)C1C(=O)OC(C#N)c2cccc(Oc3ccccc3)c2,-2.568859649803381
CC1(C)C(C(=O)OC(C#N)c2cccc(Oc3ccccc3)c2)C1(C)C,-1.528082125801105
CC(C)=CC3C(C(=O)OCc2cccc(Oc1ccccc1)c2)C3(C)C ,-1.1482539731549932
CCC(C)n1c(=O)[nH]c(C)c(Br)c1=O ,0.16638690676791856
Cc1c[nH]c(=O)[nH]c1=O ,0.6584700038903335
Fc1c[nH]c(=O)[nH]c1=O ,0.8660448796676353
O=c1cc[nH]c(=O)[nH]1 ,0.6671794392376328
CSCS(=O)CC(CO)NC(=O)C=Cc1c(C)[nH]c(=O)[nH]c1=O,0.42863768222548876
Cn1ccc(=O)[nH]c1=O,0.9966864098771261
Cc1[nH]c(=O)n(c(=O)c1Cl)C(C)(C)C,0.1852573500204006
OC3N=C(c1ccccc1)c2cc(Cl)ccc2NC3=O ,-0.5250454883037932
CN2C(=O)CN=C(c1ccccc1)c3cc(ccc23)N(=O)=O,-0.44956371529386513
O=C3CN=C(c1ccccc1)c2cc(ccc2N3)N(=O)=O,-0.44956371529386513
Clc1ccccc1C2=NCC(=O)Nc3ccc(cc23)N(=O)=O,-0.30585803206342554
CN2C(=O)CN=C(c1ccccc1)c3cc(Cl)ccc23,-0.4292416994835
OC3N=C(c1ccccc1Cl)c2cc(Cl)ccc2NC3=O,-0.3566630715893386
CCN2c1ncccc1N(C)C(=O)c3cccnc23 ,0.1194527273963608
CCN2c1ncccc1N(CC)C(=O)c3cccnc23 ,0.00332692276570253
CCN2c1nc(C)cc(C(F)(F)F)c1NC(=O)c3cccnc23 ,-0.6484291557238676
CCN2c1nc(N(C)(CCO))ccc1NC(=O)c3cccnc23 ,-0.23860183688150244
CCN2c1nc(Cl)ccc1N(C)C(=O)c3cccnc23 ,-0.6034304064294875
CCN2c1nc(C)cc(C)c1NC(=O)c3cccnc23 ,-0.8163277149190277
Nc3ccc2cc1ccccc1cc2c3 ,-1.1143839468043844
Cc1c2ccccc2c(C)c3ccccc13,-1.7917844738165585
c3ccc2c(O)c1ccccc1cc2c3 ,-0.9014866383148443
Cc1ccc2cc3ccccc3cc2c1,-1.980488906341378
Cc1c2ccccc2cc3ccccc13,-1.4627613606963594
c1ccc2cc3ccccc3cc2c1,-1.685335819571788
Clc2ccc(Oc1ccc(cc1)N(=O)=O)c(Cl)c2,-1.2547026273997632
CCOC(=O)NCCOc2ccc(Oc1ccccc1)cc2,-0.8869709127360119
COc2ccc(Oc1ccc(NC(=O)N(C)C)cc1)cc2,-0.6256878523170305
Oc1cc(Cl)ccc1Oc2ccc(Cl)cc2Cl,-0.7708451081053533
CN(C)C(=O)Nc2ccc(Oc1ccc(Cl)cc1)cc2,-0.9789038414019495
O(c1ccccc1)c2ccccc2,-0.5289163484581484
c1ccc2c(c1)ccc3c4ccccc4ccc23,-2.511280605007346
Cc1cc2c3ccccc3ccc2c4ccccc14,-1.7917844738165585
Nc3cc2c1ccccc1ccc2c4ccccc34 ,-1.6127571916776267
c1cccc2c3c(C)cc4ccccc4c3ccc12,-1.8014616242024464
Cc1c(C)c2c3ccccc3ccc2c4ccccc14,-2.0046817823060987
c2c(C)cc1nc(C)ccc1c2 ,0.44847584051655964
Oc2ccc1ncccc1c2 ,0.34202718627178935
Oc1cccc2ncccc12 ,0.15816132893991364
Oc1cccc2cccnc12 ,0.21622423125524287
c1ccc2ncccc2c1,0.7581446528649819
CCOP(=S)(OCC)Oc1cc(C)nc(n1)C(C)C,-0.3740819422839373
CCCCc1c(C)nc(nc1O)N(C)C ,0.30331858472823653
c1cncnc1,1.9194026991715658
CN(C)C(=O)Oc1nc(nc(C)c1C)N(C)C,0.4436372653236155
CCCCc1c(C)nc(NCC)nc1OS(=O)(=O)N(C)C ,-0.6256878523170305
CCCC1CCCC1,-0.9063252135077883
C1CCCC1,0.1097755770104726
CCCCCC1CCCC1,-1.5546942893622975
CC1CCCC1,-0.20957038572383782
CCOP(=S)(OCC)SC(CCl)N1C(=O)c2ccccc2C1=O,-1.680497244378844
CCOP(=S)(OCC)SC(CCl)N2C(=O)c1ccccc1C2=O,-1.680497244378844
O=C1NC(=O)c2ccccc12 ,0.12429130258930501
CCOP(=S)(OCC)N2C(=O)c1ccccc1C2=O,-0.23376326168855843
Oc1ccc(Cl)cc1C(=O)Nc2ccc(cc2Cl)N(=O)=O,-0.8869709127360119
c1c(NC(=O)c2ccccc2(I))cccc1,-0.6498807282817509
Cc1cccc(C)c1NC(=O)c2cc(c(Cl)cc2O)S(N)(=O)=O,-0.4466605701780988
c1ccccc1NC(=O)c2c(O)cccc2,-0.3498890663192167
CCN2c1cc(Cl)ccc1NC(=O)c3cccnc23 ,-1.2063168754703224
CCN2c1cc(OC)cc(C)c1NC(=O)c3cccnc23 ,-1.1061583689763792
CCN2c1ccccc1N(C)C(=O)c3cccnc23 ,-0.22118296618690367
CCN2c1cc(N(C)C)cc(C)c1NC(=O)c3cccnc23 ,-0.9697105485353561
Cn1c(=O)n(C)c2nc[nH]c2c1=O,0.7145974761284851
Cn1cnc2n(C)c(=O)[nH]c(=O)c12 ,0.16638690676791856
Cn2c(=O)n(C)c1ncn(CC(O)CO)c1c2=O,1.3049036496676651
Cn1cnc2n(C)c(=O)n(C)c(=O)c12,0.9633002410458118
OC1C=CC2C1C3(Cl)C(=C(Cl)C2(Cl)C3(Cl)Cl)Cl ,-1.2547026273997632
ClC2=C(Cl)C3(Cl)C1C=CCC1C2(Cl)C3(Cl)Cl ,-1.341796980872757
ClC1C=CC2C1C3(Cl)C(=C(Cl)C2(Cl)C3(Cl)Cl)Cl,-1.6693685214350726
Nc1c(C)c[nH]c(=O)n1 ,0.6816951648164651
Nc1cc[nH]c(=O)n1 ,0.8283039931626713
Nc1nc(=O)[nH]cc1F,0.9168499191935484
Cc2c(N)c(=O)n(c1ccccc1)n2C,1.085232335908003
Cc1cc(=O)n(c2ccccc2)n1C,1.7331175542432178
CN(C)c2c(C)n(C)n(c1ccccc1)c2=O ,1.2110352909245496
ON=Cc1ccc(o1)N(=O)=O ,0.32751146069295717
O=Cc1ccco1,1.3387736760182738
c1ccoc1,0.9903962621262988
CCCCC1C(=O)N(N(C1=O)c2ccccc2)c3ccccc3 ,-0.45633772056398697
CC(=O)CCC1C(=O)N(N(C1=O)c2ccccc2)c3ccccc3,-0.1950546601450056
CCCCC1C(=O)N(N(C1=O)c2ccc(O)cc2)c3ccccc3 ,-0.41762911902043415
C1CCOC1,1.6242496124019756
CC1CCCO1,1.4403837550701
OCC1OC(O)(CO)C(O)C1O,1.6968282402961372
CCOC2Oc1ccc(OS(C)(=O)=O)cc1C2(C)C,-0.267633288039167
CNC(=O)Oc1cccc2CC(C)(C)Oc12,0.03235837392336715
CCOC(=O)CCN(SN(C)C(=O)Oc1cccc2CC(C)(C)Oc21)C(C)C,-0.8918094879289559
OC1CCCCCCC1,0.7629832280579261
C1CCCCCCC1,-0.6208492771240866
CN(C)C(=O)NC1CCCCCCC1,0.31396345015271365
Cc1ccc2c(ccc3ccccc32)c1,-1.4385684847316391
c1ccc2c(c1)ccc3ccccc32,-1.1579311235408813
Cc1cccc2c1ccc3ccccc32,-1.443407059924583
C(Cc1ccccc1)c2ccccc2,-0.8482623111924591
CCC(C(CC)c1ccc(O)cc1)c2ccc(O)cc2,-0.7563293825265209
c1ccccc1C(O)C(O)c2ccccc2,0.4533144157095037
CC1=CC(=O)CC(C)(C)C1 ,0.8742704574956403
CC(=C)C1CC=C(C)C(=O)C1,0.3904129382012304
CN(C)C(=O)OC1=CC(=O)CC(C)(C)C1 ,0.9758805365474663
CC1=CCC(CC1)C(C)=C,-0.6740736042464713
C1CCC=CC1,0.13396845297519322
CC1=CCCCC1,-0.1950546601450056
C1OC(O)C(O)C(O)C1O,1.5758638604725348
OCC1OC(O)C(O)C(O)C1O,1.745213992225578
C1CCOCC1,1.3726437023688827
O=C1NC(=O)NC(=O)C1(CC=C)c1ccccc1,0.24090096473925762
CCC1(C(=O)NC(=O)NC1=O)c2ccccc2 ,0.263642268146095
O=C1NC(=O)NC(=O)C1(CC)c1ccccc1,0.263642268146095
c1ccccc1n2ncc(N)c(Br)c2(=O),-0.12586303488590486
CNc2cnn(c1cccc(c1)C(F)(F)F)c(=O)c2Cl,-0.5705280951174678
Nc2cnn(c1ccccc1)c(=O)c2Cl,-0.005382512581596964
CC12CCC3C(CCc4cc(O)ccc34)C2CCC1O,-1.0466438941031673
CC34CCC1C(CCc2cc(O)ccc12)C3CCC4(O)C#C ,-0.6934279050182477
CC34CCC1C(CCc2cc(O)ccc12)C3CC(O)C4O ,-1.0103545801560863
c2ccc1scnc1c2 ,0.6613731490061
CCOc2ccc1nc(sc1c2)S(N)(=O)=O ,-0.45633772056398697
Sc2nc1ccccc1s2 ,-0.15150748340850878
c1cc2ccc(OC)c(CC=C(C)(C))c2oc1=O ,-0.7002019102883695
CCOP(=S)(OCC)Oc2ccc1oc(=O)c(Cl)c(C)c1c2,-1.2169617408947997
O2c1ccccc1N(CC)C(=O)c3ccccc23 ,-0.39343624305571373
O2c1ccc(N)cc1N(C)C(=O)c3cc(C)ccc23 ,-0.5134329078407273
C1Cc2c3c1cccc3cc4c2ccc5ccccc54,-2.411122098513403
c1cc(C)cc2c1c3cc4cccc5CCc(c45)c3cc2,-2.444992124864012
Cc1ncc(N(=O)=O)n1CCO,0.7968532544085347
Cc1ncc(N(=O)=O)n1CCO ,0.7774989536367584
NS(=O)(=O)c2cc1c(NCNS1(=O)=O)cc2Cl ,0.11461415220341681
NS(=O)(=O)c2cc1c(NC(NS1(=O)=O)C(Cl)Cl)cc2Cl ,0.09042127623869618
CC2=CC(=O)c1ccccc1C2=O ,-0.07892885551434713
ClC(Cl)CC(=O)NC2=C(Cl)C(=O)c1ccccc1C2=O,-1.0466438941031673
CCCCc1c(C)nc(NCC)[nH]c1=O,-0.0779611404757584
Sc1nccc(=O)[nH]1 ,0.28735128659152104
CC(=O)CC(c1ccccc1)c3c(O)c2ccccc2oc3=O ,-0.4964978946654229
CC(=O)CC(c1ccc(Cl)cc1)c2c(O)c3ccccc3oc2=O,-1.4380846272123449
CC1OC(CC(O)C1O)OC2C(O)CC(OC2C)OC8C(O)CC(OC7CCC3(C)C(CCC4C3CC(O)C5(C)C(CCC45O)C6=CC(=O)OC6)C7)OC8C ,-0.5874631082927723
CC1OC(CC(O)C1O)OC2C(O)CC(OC2C)OC8C(O)CC(OC7CCC3(C)C(CCC4C3CCC5(C)C(CCC45O)C6=CC(=O)OC6)C7)OC8C ,-1.1738984216775965
Cc1c[nH]c2ccccc12 ,0.21622423125524287
c2ccc1[nH]ccc1c2,0.6516959986202118
CCOP(=S)(OCC)SCn1c(=O)oc2cc(Cl)ccc12,-1.1448669705199321
Clc2ccc1oc(=O)[nH]c1c2,0.01735879082524016
NC(=O)NC1NC(=O)NC1=O ,0.612987397076659
O=C1CNC(=O)N1 ,1.1936164202299508
CC12CC(=O)C3C(CCC4=CC(=O)CCC34C)C2CCC1(O)C(=O)CO,-0.11763745705789995
CC(=O)OCC(=O)C3(O)CCC4C2CCC1=CC(=O)CCC1(C)C2C(=O)CC34C ,-0.6498807282817509
c3ccc2nc1ccccc1cc2c3,-0.38859766786276956
Nc2cccc3nc1ccccc1cc23 ,-0.6547193034746949
C1CCCCCC1,-0.31118046477566386
OC1CCCCCC1,0.9613648109686341
